{
  "controller/ActiveLoans-dbg.controller.js": 1718962363902,
  "controller/AllBooks.controller.js": 1718963650019,
  "controller/User.controller.js": 1718962778833,
  "controller/Homeview.controller.js": 1718961819565,
  "controller/BaseController.js": 1718962886683,
  "controller/App.controller.js": 1718961440093,
  "controller/AllUsers.controller.js": 1718962642716,
  "model/models.js": 1718961440093,
  "controller/Admin.controller.js": 1718968453535,
  "controller/ActiveLoans.controller.js": 1718962363902,
  "manifest.json": 1719206198140,
  "Component.js": 1718961440081,
  "controller/BaseController-dbg.js": 1718962886683,
  "controller/BaseController.js.map": 1719206198338,
  "controller/User-dbg.controller.js": 1718962778833,
  "controller/User.controller.js.map": 1719206198323,
  "controller/Homeview-dbg.controller.js": 1718961819565,
  "controller/Homeview.controller.js.map": 1719206198326,
  "controller/AllBooks-dbg.controller.js": 1718963650019,
  "controller/AllBooks.controller.js.map": 1719206198345,
  "controller/App-dbg.controller.js": 1718961440093,
  "controller/App.controller.js.map": 1719206198326,
  "controller/AllUsers-dbg.controller.js": 1718962642716,
  "controller/AllUsers.controller.js.map": 1719206198330,
  "model/models-dbg.js": 1718961440093,
  "model/models.js.map": 1719206198330,
  "controller/Admin-dbg.controller.js": 1718968453535,
  "controller/Admin.controller.js.map": 1719206198409,
  "i18n/i18n.properties": 1718964051738,
  "controller/ActiveLoans.controller.js.map": 1719206198338,
  "Component-dbg.js": 1718961440081,
  "Component.js.map": 1719206198342,
  "Component-preload.js": 1719206198692,
  "Component-preload.js.map": 1719206198692,
  "view/User.view.xml": 1718962800377,
  "view/Homeview.view.xml": 1718961764482,
  "view/App.view.xml": 1718961440097,
  "view/AllUsers.view.xml": 1718962687855,
  "view/AllBooks.view.xml": 1718962532738,
  "view/Admin.view.xml": 1718962182573,
  "view/ActiveLoans.view.xml": 1718962343646,
  "css/style.css": 1718963697762,
  "Fragments/loginDialog.fragment.xml": 1718963363709,
  "Fragments/UserloginDailog.fragment.xml": 1718963313234,
  "Fragments/SigninDialog.fragment.xml": 1718963256123,
  "Fragments/ReservedBooks.fragment.xml": 1718963211824,
  "Fragments/NotificationDailog.fragment.xml": 1718963171313,
  "Fragments/IssueBookDialog.fragment.xml": 1718963123202,
  "Fragments/EditBookDialog.fragment.xml": 1718963070039,
  "Fragments/CreateBookDialog.fragment.xml": 1718963021288,
  "index.html": 1718961440081
}